AlertMailState,Email,Domain,SMTPServer,,,,,,,,,,,,,,,,,,,,
,,,,,,,,,,,,,,,,,,,,,,,
#Configure Alert Mail,,,,,,,,,,,,,,,,,,,,,,,
# Use this sheet to define Alert Mail Settings,,,,,,,,,,,,,,,,,,,,,,,
# If the row starts with '#' it will be ignored by the script,,,,,,,,,,,,,,,,,,,,,,,
# For specific settings - See Definition below,,,,,,,,,,,,,,,,,,,,,,,
,,,,,,,,,,,,,,,,,,,,,,,
"# Possible values are:
# Enable 
# Disable",# Email address to which the alert mails are sent,# Identifies the DNS domain where the Onboard Administrator is located,# Identifies the mail server where the Onboard Administrator delivers its e-mail based events,,,,,,,,,,,,,,,,,,,,
,,,,,,,,,,,,,,,,,,,,,,,
,,,,,,,,,,,,,,,,,,,,,,,
,,,,,,,,,,,,,,,,,,,,,,,
,,,,,,,,,,,,,,,,,,,,,,,
,,,,,,,,,,,,,,,,,,,,,,,
Enable,Admin@domain.com,host.local,10.254.1.31,,,,,,,,,,,,,,,,,,,,
,,,,,,,,,,,,,,,,,,,,,,,
,,,,,,,,,,,,,,,,,,,,,,,
,,,,,,,,,,,,,,,,,,,,,,,
,,,,,,,,,,,,,,,,,,,,,,,
,,,,,,,,,,,,,,,,,,,,,,,
,,,,,,,,,,,,,,,,,,,,,,,
,,,,,,,,,,,,,,,,,,,,,,,
