LDAPState,LocalUserState,ServerName,Port,GCPort,SearchContext,SearchPriority,NameMapping,LDAPGroup,Description,Dummy,Access,Target,Bay,OABaysAccess,,,,,,,,,
,,,,,,,,,,,,,,,,,,,,,,,
#Configure LDAP Authentication,,,,,,,,,,,,,,,,,,,,,,,
# Use this sheet to define LDAP authentication settings in OA,,,,,,,,,,,,,,,,,,,,,,,
# If the row starts with '#' it will be ignored by the script,,,,,,,,,,,,,,,,,,,,,,,
# For specific settings - See Definition below,,,,,,,,,,,,,,,,,,,,,,,
,,,,,,,,,,,,,,,,,,,,,,,
"# Possible values are:
# Enable 
# Disable","# Possible values are:
# Enable 
# Disable",# IP address or DNS name of the LDAP server used for authentication.,"# Sets the TCP port number of the LDAP SSL service.
# Port 636 is the standard value","# Sets the TCP port number of the LDAP Global Catalog SSL service.
# Port 3269 is the standard value.",#Specifies the search context,# Priority of the search context,"# Enables or disables NT name mapping. 
#Possible values are:
# On 
# Off","# LDAP group name for which access is to be set.
# Use LDAP syntax",,,"# Access level assigned to the group.
# Possible values are:
# Administrator
# Operator
# User","# Possible Values:
# Server or Interconnect","# Bay Number
# Possible values:
# ALL
# a number  ---> 8
# a range -->  1-5
# Use '| ' as separator if specified multiple ranges","# Possible values are:
# Yes --> LDAPGroup has access to OA Bays
# No ---> Acces is disabled",,,,,,,,,
,,,,,,,,,,,,,,,,,,,,,,,
,,,,,,,,,,,,,,,,,,,,,,,
,,,,,,,,,,,,,,,,,,,,,,,
,,,,,,,,,,,,,,,,,,,,,,,
,,,,,,,,,,,,,,,,,,,,,,,
Enable,Enable,10.254.1.1,636,3269,Context1|Context2|Context3|Context4|Context5|context6,1|2|3|4|5|6,On,Ldap1,New Group,,Operator,Server,1-3 | 6 | 9-12,Yes,,,,,,,,,
,,,,,,,,,,,,,,,,,,,,,,,
,,,,,,,,Ldap1,,,Operator,Interconnect,ALL,,,,,,,,,,
,,,,,,,,,,,,,,,,,,,,,,,
,,,,,,,,,,,,,,,,,,,,,,,
,,,,,,,,,,,,,,,,,,,,,,,
,,,,,,,,,,,,,,,,,,,,,,,
,,,,,,,,,,,,,,,,,,,,,,,
