Username,AuthPassphraseEncoding,AuthPassphrase,PrivacyPassphraseEncoding,PrivacyPassphrase,SecurityLevel,EngineId,ReadWriteAccess,,,,
,,,,,,,,,,,
#Configure SNMP Users,,,,,,,,,,,
# Use this sheet to create SNMP users ,,,,,,,,,,,
# If the row starts with '#' it will be ignored by the script,,,,,,,,,,,
# For specific settings - See Definition below,,,,,,,,,,,
,,,,,,,,,,,
"# Specifies an SNMPv3user account used to send the trap or inform event
# Max : 32 characters","#Possible values:
# SHA1 
# MD5
# Note: MD5 is not allowed when FIPS mode is enabled","# Specifies the authorization passphrase used to sign operations
# Minimum:8 characters","#Possible values:
# DES
# AES128
# Note: DES is not allowed when FIPS mode is enabled","# Specifies the privacy passphrase used to sign operations
# Minimum:8 characters
# If not specified, AuthPassphrase is used.","#Possible values:
# NoAuthNoPriv
# AuthNoPriv
# AuthPriv","#Sets the engine ID for the user account.
# The Engine ID must start with '0x' followed by an even number of up to 64 HEX digits","#Possible values:
# Yes
# No
# Default is No - User has only ReadAccess to the OID tree",,,,
,,,,,,,,,,,
,,,,,,,,,,,
,,,,,,,,,,,
,,,,,,,,,,,
,,,,,,,,,,,
UserA,MD5,AuthorizationPass,DES,PrivacyPass,AuthPriv,0xABC12345,No,,,,
,,,,,,,,,,,
UserB,SHA1,AuthorizationPass2,AES128,PrivacyPass2,NoAuthNoPriv,0x12345ABC,No,,,,
,,,,,,,,,,,
,,,,,,,,,,,
,,,,,,,,,,,
,,,,,,,,,,,
,,,,,,,,,,,
