State,Type,CommunityName,Contact,Location,EngineId,,
,,,,,,,
#Configure SNMP settings,,,,,,,
# Use this sheet to define SNMP settings for OA ,,,,,,,
# If the row starts with '#' it will be ignored by the script,,,,,,,
# For specific settings - See Definition below,,,,,,,
,,,,,,,
"#Possible values:
# Enable 
# Disable","#Possible values:
# Read 
# Write","# SNMP community string
# Must be no more 
# than 20 characters long","# Must be no more 
# than 20 characters long","# Must be no more 
# than 20 characters long","# SNMPv3 Engine Id 
# Must be between 1 and 27
# characters in length",,
,,,,,,,
,,,,,,,
,,,,,,,
,,,,,,,
,,,,,,,
Enable,Read,MyCommunity,User@local.host,USA,MyEngineId,,
,,,,,,,
,,,,,,,
,,,,,,,
,,,,,,,
,,,,,,,
,,,,,,,
,,,,,,,
