HostName,Username,CommunityName,SNMPv3,Privilege,InformEvent,,,,
,,,,,,,,,
#Configure SNMP Traps,,,,,,,,,
# Use this sheet to create SNMP Traps Destination,,,,,,,,,
# If the row starts with '#' it will be ignored by the script,,,,,,,,,
# For specific settings - See Definition below,,,,,,,,,
,,,,,,,,,
"# Specifies the trap receiver address for SNMP. 
# The value can be an IPv4 address, an IPv6 address, or a DNS name (maximum of 64 characters)","# Specifies an SNMPv3user account used to send the trap or inform event
# Max : 32 characters","# SNMP community string
# Must be no more 
# than 20 characters long","#Possible values:
# Yes
# No
","#Possible values:
# NoAuthNoPriv
# AuthNoPriv
# AuthPriv","#Possible values:
# Yes --> The event will be 'Inform'
# No --> The event will be 'Trap'
",,,,
,,,,,,,,,
,,,,,,,,,
,,,,,,,,,
,,,,,,,,,
,,,,,,,,,
10.254.13.22,UserA,Mycommunity,Yes,AuthPriv,Yes,,,,
,,,,,,,,,
10.254.13.22,UserB,Mycommunity,No,AuthPriv,No,,,,
,,,,,,,,,
,,,,,,,,,
,,,,,,,,,
,,,,,,,,,
,,,,,,,,,
